[
  {
    "id": "payoff",
    "name": "Options Payoff Calculator",
    "description": "This module is written to be readable, sectioned, and actionable for traders of different levels. Charts and annotated screenshots accompany the lessons to visually demonstrate concepts. Important common pitfalls are listed and accompanied by corrective actions to reduce repeated mistakes. This section provides an in-depth exploration of the topic with actionable examples, practical frameworks, and mentorship notes. Each paragraph is written to be instructive and provide context so students can apply the concepts to live trading situations. Examples include step by step walk-throughs, annotated charts, decision checklists, and risk control guidelines. Mentor commentary is included to highlight common mistakes, clarifications, and real-world adaptations. Where appropriate, exercises are suggested that encourage incremental practice, journal tracking, and review cycles. We include short checklists and concise rules to make decision-making faster in live markets. Case studies illustrate how theory converts into real trades and how adjustments are made under pressure.\n\nCharts and annotated screenshots accompany the lessons to visually demonstrate concepts. Important common pitfalls are listed and accompanied by corrective actions to reduce repeated mistakes. This section provides an in-depth exploration of the topic with actionable examples, practical frameworks, and mentorship notes. Each paragraph is written to be instructive and provide context so students can apply the concepts to live trading situations. Examples include step by step walk-throughs, annotated charts, decision checklists, and risk control guidelines. Mentor commentary is included to highlight common mistakes, clarifications, and real-world adaptations. Where appropriate, exercises are suggested that encourage incremental practice, journal tracking, and review cycles. We include short checklists and concise rules to make decision-making faster in live markets. Case studies illustrate how theory converts into real trades and how adjustments are made under pressure. Practical tips are emphasized, focusing on risk control, position sizing, and exit planning.\n\nImportant common pitfalls are listed and accompanied by corrective actions to reduce repeated mistakes. This section provides an in-depth exploration of the topic with actionable examples, practical frameworks, and mentorship notes. Each paragraph is written to be instructive and provide context so students can apply the concepts to live trading situations. Examples include step by step walk-throughs, annotated charts, decision checklists, and risk control guidelines. Mentor commentary is included to highlight common mistakes, clarifications, and real-world adaptations. Where appropriate, exercises are suggested that encourage incremental practice, journal tracking, and review cycles. We include short checklists and concise rules to make decision-making faster in live markets. Case studies illustrate how theory converts into real trades and how adjustments are made under pressure. Practical tips are emphasized, focusing on risk control, position sizing, and exit planning. Students are encouraged to maintain a trade journal and review it weekly with mentors to refine strategy."
  },
  {
    "id": "position",
    "name": "Position Sizing Calculator",
    "description": "Charts and annotated screenshots accompany the lessons to visually demonstrate concepts. Important common pitfalls are listed and accompanied by corrective actions to reduce repeated mistakes. This section provides an in-depth exploration of the topic with actionable examples, practical frameworks, and mentorship notes. Each paragraph is written to be instructive and provide context so students can apply the concepts to live trading situations. Examples include step by step walk-throughs, annotated charts, decision checklists, and risk control guidelines. Mentor commentary is included to highlight common mistakes, clarifications, and real-world adaptations. Where appropriate, exercises are suggested that encourage incremental practice, journal tracking, and review cycles. We include short checklists and concise rules to make decision-making faster in live markets. Case studies illustrate how theory converts into real trades and how adjustments are made under pressure. Practical tips are emphasized, focusing on risk control, position sizing, and exit planning.\n\nImportant common pitfalls are listed and accompanied by corrective actions to reduce repeated mistakes. This section provides an in-depth exploration of the topic with actionable examples, practical frameworks, and mentorship notes. Each paragraph is written to be instructive and provide context so students can apply the concepts to live trading situations. Examples include step by step walk-throughs, annotated charts, decision checklists, and risk control guidelines. Mentor commentary is included to highlight common mistakes, clarifications, and real-world adaptations. Where appropriate, exercises are suggested that encourage incremental practice, journal tracking, and review cycles. We include short checklists and concise rules to make decision-making faster in live markets. Case studies illustrate how theory converts into real trades and how adjustments are made under pressure. Practical tips are emphasized, focusing on risk control, position sizing, and exit planning. Students are encouraged to maintain a trade journal and review it weekly with mentors to refine strategy.\n\nThis section provides an in-depth exploration of the topic with actionable examples, practical frameworks, and mentorship notes. Each paragraph is written to be instructive and provide context so students can apply the concepts to live trading situations. Examples include step by step walk-throughs, annotated charts, decision checklists, and risk control guidelines. Mentor commentary is included to highlight common mistakes, clarifications, and real-world adaptations. Where appropriate, exercises are suggested that encourage incremental practice, journal tracking, and review cycles. We include short checklists and concise rules to make decision-making faster in live markets. Case studies illustrate how theory converts into real trades and how adjustments are made under pressure. Practical tips are emphasized, focusing on risk control, position sizing, and exit planning. Students are encouraged to maintain a trade journal and review it weekly with mentors to refine strategy. This module is written to be readable, sectioned, and actionable for traders of different levels."
  },
  {
    "id": "compound",
    "name": "Compound Growth Calculator",
    "description": "Important common pitfalls are listed and accompanied by corrective actions to reduce repeated mistakes. This section provides an in-depth exploration of the topic with actionable examples, practical frameworks, and mentorship notes. Each paragraph is written to be instructive and provide context so students can apply the concepts to live trading situations. Examples include step by step walk-throughs, annotated charts, decision checklists, and risk control guidelines. Mentor commentary is included to highlight common mistakes, clarifications, and real-world adaptations. Where appropriate, exercises are suggested that encourage incremental practice, journal tracking, and review cycles. We include short checklists and concise rules to make decision-making faster in live markets. Case studies illustrate how theory converts into real trades and how adjustments are made under pressure. Practical tips are emphasized, focusing on risk control, position sizing, and exit planning. Students are encouraged to maintain a trade journal and review it weekly with mentors to refine strategy.\n\nThis section provides an in-depth exploration of the topic with actionable examples, practical frameworks, and mentorship notes. Each paragraph is written to be instructive and provide context so students can apply the concepts to live trading situations. Examples include step by step walk-throughs, annotated charts, decision checklists, and risk control guidelines. Mentor commentary is included to highlight common mistakes, clarifications, and real-world adaptations. Where appropriate, exercises are suggested that encourage incremental practice, journal tracking, and review cycles. We include short checklists and concise rules to make decision-making faster in live markets. Case studies illustrate how theory converts into real trades and how adjustments are made under pressure. Practical tips are emphasized, focusing on risk control, position sizing, and exit planning. Students are encouraged to maintain a trade journal and review it weekly with mentors to refine strategy. This module is written to be readable, sectioned, and actionable for traders of different levels.\n\nEach paragraph is written to be instructive and provide context so students can apply the concepts to live trading situations. Examples include step by step walk-throughs, annotated charts, decision checklists, and risk control guidelines. Mentor commentary is included to highlight common mistakes, clarifications, and real-world adaptations. Where appropriate, exercises are suggested that encourage incremental practice, journal tracking, and review cycles. We include short checklists and concise rules to make decision-making faster in live markets. Case studies illustrate how theory converts into real trades and how adjustments are made under pressure. Practical tips are emphasized, focusing on risk control, position sizing, and exit planning. Students are encouraged to maintain a trade journal and review it weekly with mentors to refine strategy. This module is written to be readable, sectioned, and actionable for traders of different levels. Charts and annotated screenshots accompany the lessons to visually demonstrate concepts."
  }
]