[
  {
    "id": "img1",
    "src": "Images/img1.jpeg",
    "alt": "Image 1"
  },
  {
    "id": "img2",
    "src": "Images/img2.jpeg",
    "alt": "Image 2"
  },
  {
    "id": "img3",
    "src": "Images/img3.jpeg",
    "alt": "Image 3"
  },
  {
    "id": "img4",
    "src": "Images/img4.jpeg",
    "alt": "Image 4"
  },
  {
    "id": "img5",
    "src": "Images/img5.jpeg",
    "alt": "Image 5"
  },
  {
    "id": "img6",
    "src": "Images/img6.jpeg",
    "alt": "Image 6"
  },
  {
    "id": "img7",
    "src": "Images/img7.jpeg",
    "alt": "Image 7"
  },
  {
    "id": "img8",
    "src": "Images/img8.jpeg",
    "alt": "Image 8"
  },
  {
    "id": "img9",
    "src": "Images/img9.jpeg",
    "alt": "Image 9"
  },
  {
    "id": "img10",
    "src": "Images/img10.jpeg",
    "alt": "Image 10"
  },
  {
    "id": "img11",
    "src": "Images/img11.jpeg",
    "alt": "Image 11"
  },
  {
    "id": "img12",
    "src": "Images/img12.jpeg",
    "alt": "Image 12"
  },
  {
    "id": "img13",
    "src": "Images/img13.jpeg",
    "alt": "Image 13"
  },
  {
    "id": "img14",
    "src": "Images/img14.jpeg",
    "alt": "Image 14"
  },
  {
    "id": "img15",
    "src": "Images/img15.jpeg",
    "alt": "Image 15"
  },
  {
    "id": "img16",
    "src": "Images/img16.jpeg",
    "alt": "Image 16"
  },
  {
    "id": "img17",
    "src": "Images/img17.jpeg",
    "alt": "Image 17"
  },
  {
    "id": "img18",
    "src": "Images/img18.jpeg",
    "alt": "Image 18"
  },
  {
    "id": "img19",
    "src": "Images/img19.jpeg",
    "alt": "Image 19"
  },
  {
    "id": "img20",
    "src": "Images/img20.jpeg",
    "alt": "Image 20"
  },
  {
    "id": "img21",
    "src": "Images/img21.jpeg",
    "alt": "Image 21"
  },
  {
    "id": "img22",
    "src": "Images/img22.jpeg",
    "alt": "Image 22"
  },
  {
    "id": "img23",
    "src": "Images/img23.jpeg",
    "alt": "Image 23"
  },
  {
    "id": "img24",
    "src": "Images/img24.jpeg",
    "alt": "Image 24"
  },
  {
    "id": "img25",
    "src": "Images/img25.jpeg",
    "alt": "Image 25"
  },
  {
    "id": "img26",
    "src": "Images/img26.jpeg",
    "alt": "Image 26"
  },
  {
    "id": "img27",
    "src": "Images/img27.jpeg",
    "alt": "Image 27"
  },
  {
    "id": "img28",
    "src": "Images/img28.jpeg",
    "alt": "Image 28"
  },
  {
    "id": "img29",
    "src": "Images/img29.jpeg",
    "alt": "Image 29"
  },
  {
    "id": "img30",
    "src": "Images/img30.jpeg",
    "alt": "Image 30"
  },
  {
    "id": "img31",
    "src": "Images/img31.jpeg",
    "alt": "Image 31"
  },
  {
    "id": "img32",
    "src": "Images/img32.jpeg",
    "alt": "Image 32"
  },
  {
    "id": "img33",
    "src": "Images/img33.jpeg",
    "alt": "Image 33"
  },
  {
    "id": "img34",
    "src": "Images/img34.jpeg",
    "alt": "Image 34"
  },
  {
    "id": "img35",
    "src": "Images/img35.jpeg",
    "alt": "Image 35"
  },
  {
    "id": "img36",
    "src": "Images/img36.jpeg",
    "alt": "Image 36"
  },
  {
    "id": "img37",
    "src": "Images/img37.jpeg",
    "alt": "Image 37"
  },
  {
    "id": "img38",
    "src": "Images/img38.jpeg",
    "alt": "Image 38"
  },
  {
    "id": "img39",
    "src": "Images/img39.jpeg",
    "alt": "Image 39"
  },
  {
    "id": "img40",
    "src": "Images/img40.jpeg",
    "alt": "Image 40"
  },
  {
    "id": "img41",
    "src": "Images/img41.jpeg",
    "alt": "Image 41"
  },
  {
    "id": "img42",
    "src": "Images/img42.jpeg",
    "alt": "Image 42"
  },
  {
    "id": "img43",
    "src": "Images/img43.jpeg",
    "alt": "Image 43"
  },
  {
    "id": "img44",
    "src": "Images/img44.jpeg",
    "alt": "Image 44"
  },
  {
    "id": "img45",
    "src": "Images/img45.jpeg",
    "alt": "Image 45"
  },
  {
    "id": "img46",
    "src": "Images/img46.jpeg",
    "alt": "Image 46"
  },
  {
    "id": "img47",
    "src": "Images/img47.jpeg",
    "alt": "Image 47"
  },
  {
    "id": "img48",
    "src": "Images/img48.jpeg",
    "alt": "Image 48"
  },
  {
    "id": "img49",
    "src": "Images/img49.jpeg",
    "alt": "Image 49"
  },
  {
    "id": "img50",
    "src": "Images/img50.jpeg",
    "alt": "Image 50"
  },
  {
    "id": "img51",
    "src": "Images/img51.jpeg",
    "alt": "Image 51"
  },
  {
    "id": "img52",
    "src": "Images/img52.jpeg",
    "alt": "Image 52"
  },
  {
    "id": "img53",
    "src": "Images/img53.jpeg",
    "alt": "Image 53"
  },
  {
    "id": "img54",
    "src": "Images/img54.jpeg",
    "alt": "Image 54"
  },
  {
    "id": "img55",
    "src": "Images/img55.jpeg",
    "alt": "Image 55"
  },
  {
    "id": "img56",
    "src": "Images/img56.jpeg",
    "alt": "Image 56"
  },
  {
    "id": "img57",
    "src": "Images/img57.jpeg",
    "alt": "Image 57"
  },
  {
    "id": "img58",
    "src": "Images/img58.jpeg",
    "alt": "Image 58"
  },
  {
    "id": "img59",
    "src": "Images/img59.jpeg",
    "alt": "Image 59"
  },
  {
    "id": "img60",
    "src": "Images/img60.jpeg",
    "alt": "Image 60"
  },
  {
    "id": "img61",
    "src": "Images/img61.jpeg",
    "alt": "Image 61"
  },
  {
    "id": "img62",
    "src": "Images/img62.jpeg",
    "alt": "Image 62"
  },
  {
    "id": "img63",
    "src": "Images/img63.jpeg",
    "alt": "Image 63"
  },
  {
    "id": "img64",
    "src": "Images/img64.jpeg",
    "alt": "Image 64"
  },
  {
    "id": "img65",
    "src": "Images/img65.jpeg",
    "alt": "Image 65"
  },
  {
    "id": "img66",
    "src": "Images/img66.jpeg",
    "alt": "Image 66"
  },
  {
    "id": "img67",
    "src": "Images/img67.jpeg",
    "alt": "Image 67"
  },
  {
    "id": "img68",
    "src": "Images/img68.jpeg",
    "alt": "Image 68"
  },
  {
    "id": "img69",
    "src": "Images/img69.jpeg",
    "alt": "Image 69"
  },
  {
    "id": "img70",
    "src": "Images/img70.jpeg",
    "alt": "Image 70"
  },
  {
    "id": "img71",
    "src": "Images/img71.jpeg",
    "alt": "Image 71"
  },
  {
    "id": "img72",
    "src": "Images/img72.jpeg",
    "alt": "Image 72"
  },
  {
    "id": "img73",
    "src": "Images/img73.jpeg",
    "alt": "Image 73"
  },
  {
    "id": "img74",
    "src": "Images/img74.jpeg",
    "alt": "Image 74"
  },
  {
    "id": "img75",
    "src": "Images/img75.jpeg",
    "alt": "Image 75"
  },
  {
    "id": "img76",
    "src": "Images/img76.jpeg",
    "alt": "Image 76"
  },
  {
    "id": "img77",
    "src": "Images/img77.jpeg",
    "alt": "Image 77"
  },
  {
    "id": "img78",
    "src": "Images/img78.jpeg",
    "alt": "Image 78"
  },
  {
    "id": "img79",
    "src": "Images/img79.jpeg",
    "alt": "Image 79"
  },
  {
    "id": "img80",
    "src": "Images/img80.jpeg",
    "alt": "Image 80"
  },
  {
    "id": "img81",
    "src": "Images/img81.jpeg",
    "alt": "Image 81"
  },
  {
    "id": "img82",
    "src": "Images/img82.jpeg",
    "alt": "Image 82"
  },
  {
    "id": "img83",
    "src": "Images/img83.jpeg",
    "alt": "Image 83"
  },
  {
    "id": "img84",
    "src": "Images/img84.jpeg",
    "alt": "Image 84"
  },
  {
    "id": "img85",
    "src": "Images/img85.jpeg",
    "alt": "Image 85"
  },
  {
    "id": "img86",
    "src": "Images/img86.jpeg",
    "alt": "Image 86"
  },
  {
    "id": "img87",
    "src": "Images/img87.jpeg",
    "alt": "Image 87"
  },
  {
    "id": "img88",
    "src": "Images/img88.jpeg",
    "alt": "Image 88"
  },
  {
    "id": "img89",
    "src": "Images/img89.jpeg",
    "alt": "Image 89"
  },
  {
    "id": "img90",
    "src": "Images/img90.jpeg",
    "alt": "Image 90"
  },
  {
    "id": "img91",
    "src": "Images/img91.jpeg",
    "alt": "Image 91"
  },
  {
    "id": "img92",
    "src": "Images/img92.jpeg",
    "alt": "Image 92"
  },
  {
    "id": "img93",
    "src": "Images/img93.jpeg",
    "alt": "Image 93"
  },
  {
    "id": "img94",
    "src": "Images/img94.jpeg",
    "alt": "Image 94"
  },
  {
    "id": "img95",
    "src": "Images/img95.jpeg",
    "alt": "Image 95"
  },
  {
    "id": "img96",
    "src": "Images/img96.jpeg",
    "alt": "Image 96"
  },
  {
    "id": "img97",
    "src": "Images/img97.jpeg",
    "alt": "Image 97"
  },
  {
    "id": "img98",
    "src": "Images/img98.jpeg",
    "alt": "Image 98"
  },
  {
    "id": "img99",
    "src": "Images/img99.jpeg",
    "alt": "Image 99"
  },
  {
    "id": "img100",
    "src": "Images/img100.jpeg",
    "alt": "Image 100"
  },
  {
    "id": "img101",
    "src": "Images/img101.jpeg",
    "alt": "Image 101"
  },
  {
    "id": "img102",
    "src": "Images/img102.jpeg",
    "alt": "Image 102"
  },
  {
    "id": "img103",
    "src": "Images/img103.jpeg",
    "alt": "Image 103"
  },
  {
    "id": "img104",
    "src": "Images/img104.jpeg",
    "alt": "Image 104"
  },
  {
    "id": "img105",
    "src": "Images/img105.jpeg",
    "alt": "Image 105"
  },
  {
    "id": "img106",
    "src": "Images/img106.jpeg",
    "alt": "Image 106"
  },
  {
    "id": "img107",
    "src": "Images/img107.jpeg",
    "alt": "Image 107"
  },
  {
    "id": "img108",
    "src": "Images/img108.jpeg",
    "alt": "Image 108"
  },
  {
    "id": "img109",
    "src": "Images/img109.jpeg",
    "alt": "Image 109"
  },
  {
    "id": "img110",
    "src": "Images/img110.jpeg",
    "alt": "Image 110"
  },
  {
    "id": "img111",
    "src": "Images/img111.jpeg",
    "alt": "Image 111"
  },
  {
    "id": "img112",
    "src": "Images/img112.jpeg",
    "alt": "Image 112"
  },
  {
    "id": "img113",
    "src": "Images/img113.jpeg",
    "alt": "Image 113"
  },
  {
    "id": "img114",
    "src": "Images/img114.jpeg",
    "alt": "Image 114"
  },
  {
    "id": "img115",
    "src": "Images/img115.jpeg",
    "alt": "Image 115"
  },
  {
    "id": "img116",
    "src": "Images/img116.jpeg",
    "alt": "Image 116"
  },
  {
    "id": "img117",
    "src": "Images/img117.jpeg",
    "alt": "Image 117"
  },
  {
    "id": "img118",
    "src": "Images/img118.jpeg",
    "alt": "Image 118"
  },
  {
    "id": "img119",
    "src": "Images/img119.jpeg",
    "alt": "Image 119"
  },
  {
    "id": "img120",
    "src": "Images/img120.jpeg",
    "alt": "Image 120"
  },
  {
    "id": "img121",
    "src": "Images/img121.jpeg",
    "alt": "Image 121"
  },
  {
    "id": "img122",
    "src": "Images/img122.jpeg",
    "alt": "Image 122"
  },
  {
    "id": "img123",
    "src": "Images/img123.jpeg",
    "alt": "Image 123"
  },
  {
    "id": "img124",
    "src": "Images/img124.jpeg",
    "alt": "Image 124"
  },
  {
    "id": "img125",
    "src": "Images/img125.jpeg",
    "alt": "Image 125"
  },
  {
    "id": "img126",
    "src": "Images/img126.jpeg",
    "alt": "Image 126"
  },
  {
    "id": "img127",
    "src": "Images/img127.jpeg",
    "alt": "Image 127"
  },
  {
    "id": "img128",
    "src": "Images/img128.jpeg",
    "alt": "Image 128"
  },
  {
    "id": "img129",
    "src": "Images/img129.jpeg",
    "alt": "Image 129"
  },
  {
    "id": "img130",
    "src": "Images/img130.jpeg",
    "alt": "Image 130"
  },
  {
    "id": "img131",
    "src": "Images/img131.jpeg",
    "alt": "Image 131"
  },
  {
    "id": "img132",
    "src": "Images/img132.jpeg",
    "alt": "Image 132"
  },
  {
    "id": "img133",
    "src": "Images/img133.jpeg",
    "alt": "Image 133"
  },
  {
    "id": "img134",
    "src": "Images/img134.jpeg",
    "alt": "Image 134"
  },
  {
    "id": "img135",
    "src": "Images/img135.jpeg",
    "alt": "Image 135"
  },
  {
    "id": "img136",
    "src": "Images/img136.jpeg",
    "alt": "Image 136"
  },
  {
    "id": "img137",
    "src": "Images/img137.jpeg",
    "alt": "Image 137"
  },
  {
    "id": "img138",
    "src": "Images/img138.jpeg",
    "alt": "Image 138"
  },
  {
    "id": "img139",
    "src": "Images/img139.jpeg",
    "alt": "Image 139"
  },
  {
    "id": "img140",
    "src": "Images/img140.jpeg",
    "alt": "Image 140"
  },
  {
    "id": "img141",
    "src": "Images/img141.jpeg",
    "alt": "Image 141"
  },
  {
    "id": "img142",
    "src": "Images/img142.jpeg",
    "alt": "Image 142"
  },
  {
    "id": "img143",
    "src": "Images/img143.jpeg",
    "alt": "Image 143"
  },
  {
    "id": "img144",
    "src": "Images/img144.jpeg",
    "alt": "Image 144"
  },
  {
    "id": "img145",
    "src": "Images/img145.jpeg",
    "alt": "Image 145"
  },
  {
    "id": "img146",
    "src": "Images/img146.jpeg",
    "alt": "Image 146"
  },
  {
    "id": "img147",
    "src": "Images/img147.jpeg",
    "alt": "Image 147"
  },
  {
    "id": "img148",
    "src": "Images/img148.jpeg",
    "alt": "Image 148"
  },
  {
    "id": "img149",
    "src": "Images/img149.jpeg",
    "alt": "Image 149"
  },
  {
    "id": "img150",
    "src": "Images/img150.jpeg",
    "alt": "Image 150"
  },
  {
    "id": "img151",
    "src": "Images/img151.jpeg",
    "alt": "Image 151"
  },
  {
    "id": "img152",
    "src": "Images/img152.jpeg",
    "alt": "Image 152"
  },
  {
    "id": "img153",
    "src": "Images/img153.jpeg",
    "alt": "Image 153"
  },
  {
    "id": "img154",
    "src": "Images/img154.jpeg",
    "alt": "Image 154"
  },
  {
    "id": "img155",
    "src": "Images/img155.jpeg",
    "alt": "Image 155"
  },
  {
    "id": "img156",
    "src": "Images/img156.jpeg",
    "alt": "Image 156"
  },
  {
    "id": "img157",
    "src": "Images/img157.jpeg",
    "alt": "Image 157"
  },
  {
    "id": "img158",
    "src": "Images/img158.jpeg",
    "alt": "Image 158"
  },
  {
    "id": "img159",
    "src": "Images/img159.jpeg",
    "alt": "Image 159"
  },
  {
    "id": "img160",
    "src": "Images/img160.jpeg",
    "alt": "Image 160"
  },
  {
    "id": "img161",
    "src": "Images/img161.jpeg",
    "alt": "Image 161"
  },
  {
    "id": "img162",
    "src": "Images/img162.jpeg",
    "alt": "Image 162"
  },
  {
    "id": "img163",
    "src": "Images/img163.jpeg",
    "alt": "Image 163"
  },
  {
    "id": "img164",
    "src": "Images/img164.jpeg",
    "alt": "Image 164"
  },
  {
    "id": "img165",
    "src": "Images/img165.jpeg",
    "alt": "Image 165"
  },
  {
    "id": "img166",
    "src": "Images/img166.jpeg",
    "alt": "Image 166"
  },
  {
    "id": "img167",
    "src": "Images/img167.jpeg",
    "alt": "Image 167"
  },
  {
    "id": "img168",
    "src": "Images/img168.jpeg",
    "alt": "Image 168"
  },
  {
    "id": "img169",
    "src": "Images/img169.jpeg",
    "alt": "Image 169"
  },
  {
    "id": "img170",
    "src": "Images/img170.jpeg",
    "alt": "Image 170"
  },
  {
    "id": "img171",
    "src": "Images/img171.jpeg",
    "alt": "Image 171"
  },
  {
    "id": "img172",
    "src": "Images/img172.jpeg",
    "alt": "Image 172"
  },
  {
    "id": "img173",
    "src": "Images/img173.jpeg",
    "alt": "Image 173"
  },
  {
    "id": "img174",
    "src": "Images/img174.jpeg",
    "alt": "Image 174"
  },
  {
    "id": "img175",
    "src": "Images/img175.jpeg",
    "alt": "Image 175"
  },
  {
    "id": "img176",
    "src": "Images/img176.jpeg",
    "alt": "Image 176"
  },
  {
    "id": "img177",
    "src": "Images/img177.jpeg",
    "alt": "Image 177"
  },
  {
    "id": "img178",
    "src": "Images/img178.jpeg",
    "alt": "Image 178"
  },
  {
    "id": "img179",
    "src": "Images/img179.jpeg",
    "alt": "Image 179"
  },
  {
    "id": "img180",
    "src": "Images/img180.jpeg",
    "alt": "Image 180"
  },
  {
    "id": "img181",
    "src": "Images/img181.jpeg",
    "alt": "Image 181"
  },
  {
    "id": "img182",
    "src": "Images/img182.jpeg",
    "alt": "Image 182"
  },
  {
    "id": "img183",
    "src": "Images/img183.jpeg",
    "alt": "Image 183"
  },
  {
    "id": "img184",
    "src": "Images/img184.jpeg",
    "alt": "Image 184"
  },
  {
    "id": "img185",
    "src": "Images/img185.jpeg",
    "alt": "Image 185"
  },
  {
    "id": "img186",
    "src": "Images/img186.jpeg",
    "alt": "Image 186"
  },
  {
    "id": "img187",
    "src": "Images/img187.jpeg",
    "alt": "Image 187"
  },
  {
    "id": "img188",
    "src": "Images/img188.jpeg",
    "alt": "Image 188"
  },
  {
    "id": "img189",
    "src": "Images/img189.jpeg",
    "alt": "Image 189"
  },
  {
    "id": "img190",
    "src": "Images/img190.jpeg",
    "alt": "Image 190"
  },
  {
    "id": "img191",
    "src": "Images/img191.jpeg",
    "alt": "Image 191"
  },
  {
    "id": "img192",
    "src": "Images/img192.jpeg",
    "alt": "Image 192"
  },
  {
    "id": "img193",
    "src": "Images/img193.jpeg",
    "alt": "Image 193"
  },
  {
    "id": "img194",
    "src": "Images/img194.jpeg",
    "alt": "Image 194"
  },
  {
    "id": "img195",
    "src": "Images/img195.jpeg",
    "alt": "Image 195"
  },
  {
    "id": "img196",
    "src": "Images/img196.jpeg",
    "alt": "Image 196"
  },
  {
    "id": "img197",
    "src": "Images/img197.jpeg",
    "alt": "Image 197"
  },
  {
    "id": "img198",
    "src": "Images/img198.jpeg",
    "alt": "Image 198"
  },
  {
    "id": "img199",
    "src": "Images/img199.jpeg",
    "alt": "Image 199"
  },
  {
    "id": "img200",
    "src": "Images/img200.jpeg",
    "alt": "Image 200"
  },
  {
    "id": "chart1",
    "src": "Charts/chart1.png",
    "alt": "Chart 1"
  },
  {
    "id": "chart2",
    "src": "Charts/chart2.png",
    "alt": "Chart 2"
  },
  {
    "id": "chart3",
    "src": "Charts/chart3.png",
    "alt": "Chart 3"
  },
  {
    "id": "chart4",
    "src": "Charts/chart4.png",
    "alt": "Chart 4"
  },
  {
    "id": "chart5",
    "src": "Charts/chart5.png",
    "alt": "Chart 5"
  },
  {
    "id": "chart6",
    "src": "Charts/chart6.png",
    "alt": "Chart 6"
  },
  {
    "id": "chart7",
    "src": "Charts/chart7.png",
    "alt": "Chart 7"
  },
  {
    "id": "chart8",
    "src": "Charts/chart8.png",
    "alt": "Chart 8"
  },
  {
    "id": "chart9",
    "src": "Charts/chart9.png",
    "alt": "Chart 9"
  },
  {
    "id": "chart10",
    "src": "Charts/chart10.png",
    "alt": "Chart 10"
  },
  {
    "id": "chart11",
    "src": "Charts/chart11.png",
    "alt": "Chart 11"
  },
  {
    "id": "chart12",
    "src": "Charts/chart12.png",
    "alt": "Chart 12"
  },
  {
    "id": "chart13",
    "src": "Charts/chart13.png",
    "alt": "Chart 13"
  },
  {
    "id": "chart14",
    "src": "Charts/chart14.png",
    "alt": "Chart 14"
  },
  {
    "id": "chart15",
    "src": "Charts/chart15.png",
    "alt": "Chart 15"
  },
  {
    "id": "chart16",
    "src": "Charts/chart16.png",
    "alt": "Chart 16"
  },
  {
    "id": "chart17",
    "src": "Charts/chart17.png",
    "alt": "Chart 17"
  },
  {
    "id": "chart18",
    "src": "Charts/chart18.png",
    "alt": "Chart 18"
  },
  {
    "id": "chart19",
    "src": "Charts/chart19.png",
    "alt": "Chart 19"
  },
  {
    "id": "chart20",
    "src": "Charts/chart20.png",
    "alt": "Chart 20"
  },
  {
    "id": "chart21",
    "src": "Charts/chart21.png",
    "alt": "Chart 21"
  },
  {
    "id": "chart22",
    "src": "Charts/chart22.png",
    "alt": "Chart 22"
  },
  {
    "id": "chart23",
    "src": "Charts/chart23.png",
    "alt": "Chart 23"
  },
  {
    "id": "chart24",
    "src": "Charts/chart24.png",
    "alt": "Chart 24"
  },
  {
    "id": "chart25",
    "src": "Charts/chart25.png",
    "alt": "Chart 25"
  },
  {
    "id": "chart26",
    "src": "Charts/chart26.png",
    "alt": "Chart 26"
  },
  {
    "id": "chart27",
    "src": "Charts/chart27.png",
    "alt": "Chart 27"
  },
  {
    "id": "chart28",
    "src": "Charts/chart28.png",
    "alt": "Chart 28"
  },
  {
    "id": "chart29",
    "src": "Charts/chart29.png",
    "alt": "Chart 29"
  },
  {
    "id": "chart30",
    "src": "Charts/chart30.png",
    "alt": "Chart 30"
  },
  {
    "id": "chart31",
    "src": "Charts/chart31.png",
    "alt": "Chart 31"
  },
  {
    "id": "chart32",
    "src": "Charts/chart32.png",
    "alt": "Chart 32"
  },
  {
    "id": "chart33",
    "src": "Charts/chart33.png",
    "alt": "Chart 33"
  },
  {
    "id": "chart34",
    "src": "Charts/chart34.png",
    "alt": "Chart 34"
  },
  {
    "id": "chart35",
    "src": "Charts/chart35.png",
    "alt": "Chart 35"
  },
  {
    "id": "chart36",
    "src": "Charts/chart36.png",
    "alt": "Chart 36"
  },
  {
    "id": "chart37",
    "src": "Charts/chart37.png",
    "alt": "Chart 37"
  },
  {
    "id": "chart38",
    "src": "Charts/chart38.png",
    "alt": "Chart 38"
  },
  {
    "id": "chart39",
    "src": "Charts/chart39.png",
    "alt": "Chart 39"
  },
  {
    "id": "chart40",
    "src": "Charts/chart40.png",
    "alt": "Chart 40"
  },
  {
    "id": "chart41",
    "src": "Charts/chart41.png",
    "alt": "Chart 41"
  },
  {
    "id": "chart42",
    "src": "Charts/chart42.png",
    "alt": "Chart 42"
  },
  {
    "id": "chart43",
    "src": "Charts/chart43.png",
    "alt": "Chart 43"
  },
  {
    "id": "chart44",
    "src": "Charts/chart44.png",
    "alt": "Chart 44"
  },
  {
    "id": "chart45",
    "src": "Charts/chart45.png",
    "alt": "Chart 45"
  },
  {
    "id": "chart46",
    "src": "Charts/chart46.png",
    "alt": "Chart 46"
  },
  {
    "id": "chart47",
    "src": "Charts/chart47.png",
    "alt": "Chart 47"
  },
  {
    "id": "chart48",
    "src": "Charts/chart48.png",
    "alt": "Chart 48"
  },
  {
    "id": "chart49",
    "src": "Charts/chart49.png",
    "alt": "Chart 49"
  },
  {
    "id": "chart50",
    "src": "Charts/chart50.png",
    "alt": "Chart 50"
  },
  {
    "id": "life1",
    "src": "Lifestyle/life1.jpeg",
    "alt": "Lifestyle 1"
  },
  {
    "id": "life2",
    "src": "Lifestyle/life2.jpeg",
    "alt": "Lifestyle 2"
  },
  {
    "id": "life3",
    "src": "Lifestyle/life3.jpeg",
    "alt": "Lifestyle 3"
  },
  {
    "id": "life4",
    "src": "Lifestyle/life4.jpeg",
    "alt": "Lifestyle 4"
  },
  {
    "id": "life5",
    "src": "Lifestyle/life5.jpeg",
    "alt": "Lifestyle 5"
  },
  {
    "id": "life6",
    "src": "Lifestyle/life6.jpeg",
    "alt": "Lifestyle 6"
  },
  {
    "id": "life7",
    "src": "Lifestyle/life7.jpeg",
    "alt": "Lifestyle 7"
  },
  {
    "id": "life8",
    "src": "Lifestyle/life8.jpeg",
    "alt": "Lifestyle 8"
  },
  {
    "id": "life9",
    "src": "Lifestyle/life9.jpeg",
    "alt": "Lifestyle 9"
  },
  {
    "id": "life10",
    "src": "Lifestyle/life10.jpeg",
    "alt": "Lifestyle 10"
  },
  {
    "id": "life11",
    "src": "Lifestyle/life11.jpeg",
    "alt": "Lifestyle 11"
  },
  {
    "id": "life12",
    "src": "Lifestyle/life12.jpeg",
    "alt": "Lifestyle 12"
  },
  {
    "id": "life13",
    "src": "Lifestyle/life13.jpeg",
    "alt": "Lifestyle 13"
  },
  {
    "id": "life14",
    "src": "Lifestyle/life14.jpeg",
    "alt": "Lifestyle 14"
  },
  {
    "id": "life15",
    "src": "Lifestyle/life15.jpeg",
    "alt": "Lifestyle 15"
  },
  {
    "id": "life16",
    "src": "Lifestyle/life16.jpeg",
    "alt": "Lifestyle 16"
  },
  {
    "id": "life17",
    "src": "Lifestyle/life17.jpeg",
    "alt": "Lifestyle 17"
  },
  {
    "id": "life18",
    "src": "Lifestyle/life18.jpeg",
    "alt": "Lifestyle 18"
  },
  {
    "id": "life19",
    "src": "Lifestyle/life19.jpeg",
    "alt": "Lifestyle 19"
  },
  {
    "id": "life20",
    "src": "Lifestyle/life20.jpeg",
    "alt": "Lifestyle 20"
  },
  {
    "id": "life21",
    "src": "Lifestyle/life21.jpeg",
    "alt": "Lifestyle 21"
  },
  {
    "id": "life22",
    "src": "Lifestyle/life22.jpeg",
    "alt": "Lifestyle 22"
  },
  {
    "id": "life23",
    "src": "Lifestyle/life23.jpeg",
    "alt": "Lifestyle 23"
  },
  {
    "id": "life24",
    "src": "Lifestyle/life24.jpeg",
    "alt": "Lifestyle 24"
  },
  {
    "id": "life25",
    "src": "Lifestyle/life25.jpeg",
    "alt": "Lifestyle 25"
  },
  {
    "id": "life26",
    "src": "Lifestyle/life26.jpeg",
    "alt": "Lifestyle 26"
  },
  {
    "id": "life27",
    "src": "Lifestyle/life27.jpeg",
    "alt": "Lifestyle 27"
  },
  {
    "id": "life28",
    "src": "Lifestyle/life28.jpeg",
    "alt": "Lifestyle 28"
  },
  {
    "id": "life29",
    "src": "Lifestyle/life29.jpeg",
    "alt": "Lifestyle 29"
  },
  {
    "id": "life30",
    "src": "Lifestyle/life30.jpeg",
    "alt": "Lifestyle 30"
  },
  {
    "id": "life31",
    "src": "Lifestyle/life31.jpeg",
    "alt": "Lifestyle 31"
  },
  {
    "id": "life32",
    "src": "Lifestyle/life32.jpeg",
    "alt": "Lifestyle 32"
  },
  {
    "id": "life33",
    "src": "Lifestyle/life33.jpeg",
    "alt": "Lifestyle 33"
  },
  {
    "id": "life34",
    "src": "Lifestyle/life34.jpeg",
    "alt": "Lifestyle 34"
  },
  {
    "id": "life35",
    "src": "Lifestyle/life35.jpeg",
    "alt": "Lifestyle 35"
  },
  {
    "id": "life36",
    "src": "Lifestyle/life36.jpeg",
    "alt": "Lifestyle 36"
  },
  {
    "id": "life37",
    "src": "Lifestyle/life37.jpeg",
    "alt": "Lifestyle 37"
  },
  {
    "id": "life38",
    "src": "Lifestyle/life38.jpeg",
    "alt": "Lifestyle 38"
  },
  {
    "id": "life39",
    "src": "Lifestyle/life39.jpeg",
    "alt": "Lifestyle 39"
  },
  {
    "id": "life40",
    "src": "Lifestyle/life40.jpeg",
    "alt": "Lifestyle 40"
  },
  {
    "id": "life41",
    "src": "Lifestyle/life41.jpeg",
    "alt": "Lifestyle 41"
  },
  {
    "id": "life42",
    "src": "Lifestyle/life42.jpeg",
    "alt": "Lifestyle 42"
  },
  {
    "id": "life43",
    "src": "Lifestyle/life43.jpeg",
    "alt": "Lifestyle 43"
  },
  {
    "id": "life44",
    "src": "Lifestyle/life44.jpeg",
    "alt": "Lifestyle 44"
  },
  {
    "id": "life45",
    "src": "Lifestyle/life45.jpeg",
    "alt": "Lifestyle 45"
  },
  {
    "id": "life46",
    "src": "Lifestyle/life46.jpeg",
    "alt": "Lifestyle 46"
  },
  {
    "id": "life47",
    "src": "Lifestyle/life47.jpeg",
    "alt": "Lifestyle 47"
  },
  {
    "id": "life48",
    "src": "Lifestyle/life48.jpeg",
    "alt": "Lifestyle 48"
  },
  {
    "id": "life49",
    "src": "Lifestyle/life49.jpeg",
    "alt": "Lifestyle 49"
  },
  {
    "id": "life50",
    "src": "Lifestyle/life50.jpeg",
    "alt": "Lifestyle 50"
  }
]