[
  {
    "symbol": "AAPL",
    "sector": "Tech"
  },
  {
    "symbol": "TSLA",
    "sector": "General"
  },
  {
    "symbol": "AMZN",
    "sector": "General"
  },
  {
    "symbol": "MSFT",
    "sector": "Tech"
  },
  {
    "symbol": "GOOGL",
    "sector": "Tech"
  },
  {
    "symbol": "NVDA",
    "sector": "Tech"
  },
  {
    "symbol": "NFLX",
    "sector": "General"
  },
  {
    "symbol": "META",
    "sector": "General"
  },
  {
    "symbol": "SPY",
    "sector": "General"
  },
  {
    "symbol": "QQQ",
    "sector": "General"
  },
  {
    "symbol": "BABA",
    "sector": "General"
  },
  {
    "symbol": "UBER",
    "sector": "General"
  },
  {
    "symbol": "LYFT",
    "sector": "General"
  },
  {
    "symbol": "INTC",
    "sector": "General"
  },
  {
    "symbol": "AMD",
    "sector": "General"
  },
  {
    "symbol": "SHOP",
    "sector": "General"
  },
  {
    "symbol": "SQ",
    "sector": "General"
  },
  {
    "symbol": "PYPL",
    "sector": "General"
  },
  {
    "symbol": "CRM",
    "sector": "General"
  },
  {
    "symbol": "ORCL",
    "sector": "General"
  },
  {
    "symbol": "DIS",
    "sector": "General"
  },
  {
    "symbol": "V",
    "sector": "General"
  },
  {
    "symbol": "MA",
    "sector": "General"
  },
  {
    "symbol": "ADBE",
    "sector": "Tech"
  },
  {
    "symbol": "CSCO",
    "sector": "General"
  },
  {
    "symbol": "IBM",
    "sector": "General"
  },
  {
    "symbol": "EA",
    "sector": "General"
  },
  {
    "symbol": "ROKU",
    "sector": "General"
  },
  {
    "symbol": "SNAP",
    "sector": "General"
  },
  {
    "symbol": "TWTR",
    "sector": "General"
  },
  {
    "symbol": "ZM",
    "sector": "General"
  },
  {
    "symbol": "DOCU",
    "sector": "General"
  },
  {
    "symbol": "F",
    "sector": "General"
  },
  {
    "symbol": "GM",
    "sector": "General"
  },
  {
    "symbol": "BAC",
    "sector": "General"
  },
  {
    "symbol": "C",
    "sector": "General"
  },
  {
    "symbol": "JPM",
    "sector": "General"
  },
  {
    "symbol": "GS",
    "sector": "General"
  },
  {
    "symbol": "MS",
    "sector": "General"
  },
  {
    "symbol": "T",
    "sector": "General"
  },
  {
    "symbol": "VZ",
    "sector": "General"
  },
  {
    "symbol": "KO",
    "sector": "General"
  },
  {
    "symbol": "PEP",
    "sector": "General"
  },
  {
    "symbol": "MCD",
    "sector": "General"
  },
  {
    "symbol": "SBUX",
    "sector": "General"
  },
  {
    "symbol": "NKE",
    "sector": "General"
  },
  {
    "symbol": "LULU",
    "sector": "General"
  },
  {
    "symbol": "CVX",
    "sector": "General"
  },
  {
    "symbol": "XOM",
    "sector": "General"
  },
  {
    "symbol": "BP",
    "sector": "General"
  },
  {
    "symbol": "TSM",
    "sector": "General"
  },
  {
    "symbol": "BIDU",
    "sector": "General"
  },
  {
    "symbol": "JD",
    "sector": "General"
  },
  {
    "symbol": "MELI",
    "sector": "General"
  },
  {
    "symbol": "PDD",
    "sector": "General"
  },
  {
    "symbol": "ZS",
    "sector": "General"
  },
  {
    "symbol": "CRWD",
    "sector": "General"
  },
  {
    "symbol": "OKTA",
    "sector": "General"
  },
  {
    "symbol": "PLTR",
    "sector": "General"
  },
  {
    "symbol": "PINS",
    "sector": "General"
  },
  {
    "symbol": "ABNB",
    "sector": "General"
  },
  {
    "symbol": "UBS",
    "sector": "General"
  },
  {
    "symbol": "HSBC",
    "sector": "General"
  },
  {
    "symbol": "NIO",
    "sector": "General"
  },
  {
    "symbol": "LI",
    "sector": "General"
  },
  {
    "symbol": "XPEV",
    "sector": "General"
  },
  {
    "symbol": "RIVN",
    "sector": "General"
  },
  {
    "symbol": "SNOW",
    "sector": "General"
  },
  {
    "symbol": "TWLO",
    "sector": "General"
  },
  {
    "symbol": "ETSY",
    "sector": "General"
  },
  {
    "symbol": "SPOT",
    "sector": "General"
  },
  {
    "symbol": "WMT",
    "sector": "General"
  },
  {
    "symbol": "HD",
    "sector": "General"
  },
  {
    "symbol": "LOW",
    "sector": "General"
  },
  {
    "symbol": "CAT",
    "sector": "General"
  },
  {
    "symbol": "DE",
    "sector": "General"
  },
  {
    "symbol": "GE",
    "sector": "General"
  },
  {
    "symbol": "MMM",
    "sector": "General"
  },
  {
    "symbol": "TGT",
    "sector": "General"
  },
  {
    "symbol": "BKNG",
    "sector": "General"
  }
]